{"labels": [8, 6, 1, 6, 7, 1, 2, 6, 1, 5, 1, 1, 0, 0, 6, 8, 2, 7, 9, 7, 5, 3, 3, 3, 7, 4, 4, 7, 4, 3, 4, 6, 3, 5, 7, 5, 4, 4, 7, 0, 7, 3, 0, 5, 7, 9, 2, 7, 9, 3, 9, 1, 4, 4, 0, 7, 2, 5, 2, 5, 2, 0, 5, 4], "logits": [[0.29989540576934814, 0.0990331694483757, -0.44077301025390625, -0.09281009435653687, -0.649172306060791, -0.23807120323181152, -0.2857053279876709, -0.07749323546886444, -0.09237836301326752, 1.0536967515945435], [-0.04128072038292885, 0.27126267552375793, 0.25232401490211487, 0.2950999140739441, -0.7278879284858704, 0.11601729691028595, 0.022428806871175766, -0.34850719571113586, -0.4358680546283722, -0.15464933216571808], [0.7897084951400757, -0.21648237109184265, -0.27235764265060425, -0.20722687244415283, 0.04176419600844383, -0.22621245682239532, -0.37202218174934387, -0.5545958280563354, 0.032180968672037125, 0.27353572845458984], [0.7720033526420593, 0.33990606665611267, 0.4150531589984894, 0.3826783299446106, -1.063639521598816, -0.1748342514038086, -0.232107013463974, -0.329416960477829, 0.20568843185901642, 0.5551306009292603], [0.34067314863204956, -0.040693216025829315, -0.3689533770084381, -0.4482366442680359, -0.903564989566803, 0.34134647250175476, -1.2845585346221924, -0.801702618598938, -0.2040393352508545, 0.7880679368972778], [0.804376482963562, 0.4733908772468567, -0.05390059947967529, -0.6998660564422607, 0.17733773589134216, 0.41083282232284546, -0.8503546714782715, -1.6186641454696655, 0.7954286336898804, 0.1555119901895523], [0.9079847931861877, 0.4607952833175659, -0.7541902661323547, -0.07021313905715942, 0.3732191324234009, -0.28900814056396484, -0.23606455326080322, -0.6027728319168091, 0.11831171810626984, 0.029729604721069336], [0.4884416460990906, 0.4446406662464142, 0.3090595602989197, -0.12051627039909363, -1.1521700620651245, 0.27992433309555054, -0.3814241290092468, -0.9279422760009766, 0.5587577819824219, -0.5846843123435974], [1.6574677228927612, 0.7024738192558289, 0.386418879032135, -0.3535899519920349, -0.826501190662384, -0.07354383170604706, -0.5849522352218628, -0.8920301198959351, 0.7589935064315796, 0.8928654789924622], [0.5024136304855347, 0.29901641607284546, -0.3011380434036255, -0.21528252959251404, -0.3280179500579834, -0.2608291208744049, -1.2399128675460815, -1.5099797248840332, 0.297992467880249, 0.133894145488739], [0.6469645500183105, 0.8161140084266663, 0.6019131541252136, -0.0347716249525547, -0.15963689982891083, -0.20960795879364014, -0.4997659921646118, -0.8662478923797607, 0.09342167526483536, 0.1884278506040573], [0.669048547744751, 0.4702436625957489, 0.1956503540277481, -0.6480808854103088, 0.0475580058991909, -0.016631068661808968, -0.1442927122116089, -0.655795693397522, -0.00300219957716763, 0.08502200245857239], [0.38189321756362915, 0.3244524300098419, 0.5922940969467163, -0.7934073209762573, -0.8153635263442993, -0.2980414927005768, -0.4558604657649994, -0.7307915687561035, -0.26268452405929565, -0.2952790856361389], [0.4884965419769287, 0.18002210557460785, -0.2386852204799652, -0.23114049434661865, -0.7505359053611755, -0.03188056871294975, -0.9771666526794434, -1.1385632753372192, 0.006833367981016636, 0.07244659960269928], [0.519350528717041, 0.20065774023532867, 0.5738247036933899, -0.021255191415548325, -0.7737274765968323, -0.08924002200365067, -0.1395702064037323, -0.4012288749217987, 0.1859070211648941, -0.3162221610546112], [0.6277878284454346, 0.2112104892730713, -0.033897146582603455, 0.10729844868183136, -1.1333913803100586, 0.4266936182975769, -0.6722021102905273, -1.040767788887024, 0.23651914298534393, 0.29336267709732056], [0.5286308526992798, 0.16787998378276825, 0.3381636440753937, -0.43954265117645264, -0.7293649315834045, 0.25060954689979553, 0.11698853969573975, -0.3534630239009857, -0.47261184453964233, -0.3896614611148834], [0.3107648491859436, 0.39255622029304504, -0.13758304715156555, -0.8257012963294983, -0.6475704908370972, -0.2933855950832367, -0.8304151296615601, -1.3108233213424683, 0.30828332901000977, 0.3122867941856384], [0.20477086305618286, 0.07052795588970184, 0.09949889779090881, -6.0673803091049194e-05, -0.6862474679946899, 0.3023928701877594, -0.7847871780395508, -0.8906698226928711, 0.5229426026344299, 0.25642889738082886], [0.6286569833755493, 0.39809224009513855, -0.03948594629764557, -0.6484028100967407, -0.716942310333252, -0.03901878371834755, -1.0858917236328125, -0.8122471570968628, -0.3587331473827362, 0.7679064869880676], [0.49756115674972534, -0.21941792964935303, -0.5724402666091919, 0.02149944007396698, -0.3870519995689392, 0.1883348673582077, -0.9880763292312622, -0.922082781791687, -0.33071810007095337, -0.36712202429771423], [0.8031790256500244, 0.42087575793266296, -0.3573596775531769, 0.3505474328994751, -0.9602205753326416, -0.2838069200515747, -0.2973506450653076, -1.0040932893753052, 0.2657623887062073, -0.38801631331443787], [-0.20361526310443878, -0.031400613486766815, -0.6160390377044678, -0.5559408664703369, -0.24805378913879395, 0.6020399332046509, -0.5303483605384827, -0.3119947612285614, 0.008690533228218555, -0.010495194233953953], [-0.03270615264773369, 0.2995637357234955, 0.5525252223014832, -0.4670308828353882, -1.0414280891418457, -0.28528863191604614, -0.6545650959014893, -1.273708462715149, 0.4898221790790558, -0.19434915482997894], [0.3819798231124878, 0.21782642602920532, -0.40117132663726807, -0.39919576048851013, -0.5470449924468994, 0.13831177353858948, -1.0854042768478394, -0.7489798069000244, -0.3110136389732361, 0.10234783589839935], [0.8698486089706421, 0.22103828191757202, 0.15035274624824524, -0.46244344115257263, -1.5976364612579346, -0.49861642718315125, -0.7244679927825928, -1.217589020729065, 0.08693811297416687, 0.5781121850013733], [0.7161571383476257, -0.10114540904760361, 0.5820454359054565, -0.6778604388237, -1.727340579032898, -0.29558414220809937, -0.8614288568496704, -0.05569441616535187, -0.09808425605297089, 0.4800074100494385], [0.04800328239798546, 0.695082426071167, -0.3346969485282898, 0.14495064318180084, -0.48945707082748413, 0.5600666403770447, -1.2103078365325928, -0.998359203338623, -0.16166768968105316, 0.14836294949054718], [0.35970309376716614, -0.12332066148519516, 0.5016746520996094, -0.07757426053285599, -1.328853726387024, 0.34977632761001587, -0.9003387093544006, -0.9609227180480957, 0.4218623638153076, 0.1283005177974701], [0.26919615268707275, 0.6306074261665344, -0.07924087345600128, -0.7835702300071716, -0.9367384910583496, -0.21475771069526672, -0.9406013488769531, -0.9209961891174316, 0.07985814660787582, 0.03136633336544037], [0.6015231013298035, 0.2832811772823334, -0.536819338798523, -0.3093448281288147, -0.6697678565979004, 0.16606779396533966, -1.2675352096557617, -0.5675731897354126, -0.0019290030468255281, 0.28614482283592224], [0.32647061347961426, 0.5094369649887085, 0.3716581165790558, -0.31367796659469604, -0.9902533292770386, 0.6449108719825745, -0.11718800663948059, -0.5790119171142578, -0.19948019087314606, -0.3504578471183777], [0.8170616626739502, 0.09828601032495499, 0.1802074909210205, -0.5510719418525696, -1.0827592611312866, -0.0290724728256464, -0.7504103779792786, -0.3622343838214874, -0.24273119866847992, 0.06437089294195175], [0.13713298738002777, 0.29707953333854675, -0.335457980632782, -0.5678184628486633, -0.5304181575775146, 0.08083952218294144, -0.11956626176834106, -1.6499165296554565, 0.0039967866614460945, -0.10557986795902252], [0.26327040791511536, 0.2941734790802002, -0.23983711004257202, -0.11479452252388, -0.12233397364616394, 0.08017608523368835, -0.30963319540023804, -1.1559702157974243, 0.22193722426891327, 0.6476919651031494], [1.0206477642059326, 0.8239541053771973, 0.9687923192977905, -1.2111715078353882, -0.5551251769065857, -0.13500091433525085, -0.2706722021102905, -1.5555778741836548, 0.2678711712360382, -0.3155316412448883], [0.5931679010391235, 0.28411445021629333, 0.02490272931754589, 0.03749408945441246, -0.35049790143966675, 0.11023762077093124, -1.2332192659378052, -0.6746540069580078, 